Team,G,MP,FG,FGA,FG%,3P,3PA,3P%,2P,2PA,2P%,FT,FTA,FT%,ORB,DRB,TRB,AST,STL,BLK,TOV,PF,PTS
Sacramento Kings,82,19830,43.1,87.3,0.494,13.6,36.9,0.369,29.5,50.3,0.586,19.6,24.8,0.79,9.4,32.6,42.0,27.0,6.9,3.3,13.3,19.5,119.4
Boston Celtics,82,19980,42.2,88.8,0.475,16.0,42.6,0.377,26.2,46.2,0.567,17.5,21.6,0.812,9.7,35.6,45.3,26.7,6.4,5.2,13.4,18.8,118.0
New York Knicks,82,19955,42.6,90.7,0.47,12.8,36.3,0.354,29.8,54.5,0.547,19.7,25.8,0.761,12.8,34.6,47.3,23.3,6.5,4.2,13.2,20.6,117.8
Philadelphia 76ers,82,19880,41.7,85.6,0.487,12.9,33.3,0.387,28.8,52.3,0.551,21.4,25.6,0.835,8.9,32.9,41.8,25.7,7.9,4.8,14.0,20.9,117.7
Denver Nuggets,82,19755,44.2,87.8,0.504,12.0,31.7,0.379,32.3,56.1,0.575,17.1,22.7,0.751,10.3,33.4,43.7,29.3,7.7,4.6,14.8,18.9,117.6
Dallas Mavericks,82,19930,40.9,86.2,0.475,15.5,41.9,0.371,25.4,44.2,0.574,19.4,25.7,0.755,7.8,31.9,39.7,23.4,6.4,3.8,12.5,21.2,116.8
Atlanta Hawks,82,19855,43.9,90.9,0.483,10.6,30.1,0.352,33.3,60.9,0.548,18.2,22.2,0.818,11.0,32.6,43.7,24.6,7.0,4.8,12.7,18.5,116.6
Cleveland Cavaliers,82,19880,43.0,88.1,0.488,12.0,32.7,0.367,31.0,55.4,0.559,18.2,23.3,0.78,10.0,32.5,42.5,25.8,7.4,4.8,13.8,19.7,116.1
Golden State Warriors,82,19830,42.1,88.0,0.479,16.2,42.2,0.385,25.9,45.9,0.564,15.6,19.7,0.794,10.3,33.3,43.6,29.1,7.0,3.8,15.9,20.9,116.1
Utah Jazz,82,19805,42.0,88.8,0.473,13.2,37.4,0.353,28.8,51.4,0.56,18.5,23.6,0.786,11.7,33.7,45.4,25.7,6.0,5.2,15.2,20.2,115.8
Toronto Raptors,82,19805,42.9,93.5,0.459,11.0,32.8,0.335,31.9,60.7,0.525,18.8,24.0,0.784,13.0,31.0,44.0,24.5,9.6,5.3,11.9,20.5,115.5
Milwaukee Bucks,82,19830,42.2,89.2,0.473,14.7,39.8,0.368,27.5,49.4,0.557,16.4,22.1,0.743,11.0,37.0,48.0,25.5,6.3,4.9,14.4,17.8,115.4
Oklahoma City Thunder,82,19855,42.3,90.8,0.465,11.9,33.5,0.356,30.4,57.3,0.53,18.8,23.3,0.809,11.2,31.6,42.8,23.9,8.1,4.1,12.8,20.6,115.2
Memphis Grizzlies,82,19780,43.0,90.6,0.475,11.8,33.7,0.351,31.2,56.9,0.548,17.2,23.5,0.733,11.9,34.0,45.9,25.6,8.2,5.7,13.4,19.7,115.1
Phoenix Suns,82,19780,42.7,91.3,0.467,12.4,33.0,0.374,30.3,58.2,0.52,17.4,22.0,0.793,12.0,32.8,44.8,27.6,7.2,5.3,13.7,21.5,115.1
Los Angeles Clippers,82,19830,41.6,87.2,0.477,12.9,33.8,0.381,28.8,53.4,0.539,18.9,24.2,0.781,9.9,33.9,43.8,24.2,7.2,4.5,14.4,19.7,115.0
Brooklyn Nets,82,19730,42.0,86.3,0.487,13.0,34.3,0.378,29.1,52.0,0.559,17.9,22.4,0.8,8.3,32.8,41.1,25.9,7.2,6.3,13.9,21.4,115.0
Portland Trail Blazers,82,19730,40.9,86.4,0.474,13.0,35.7,0.365,27.9,50.7,0.55,19.9,24.9,0.796,9.6,31.5,41.0,24.5,6.8,4.6,14.6,20.3,114.8
Indiana Pacers,82,19755,41.4,88.3,0.469,13.4,36.4,0.367,28.0,51.8,0.54,18.4,23.4,0.79,10.0,30.9,40.9,26.6,7.6,5.7,14.7,20.9,114.6
Los Angeles Lakers,82,19880,41.9,87.0,0.482,10.5,30.5,0.346,31.4,56.5,0.555,20.2,26.0,0.775,9.7,34.9,44.7,24.7,6.3,4.5,13.8,17.5,114.5
Washington Wizards,82,19755,42.6,87.9,0.485,11.4,32.1,0.356,31.2,55.8,0.559,17.8,22.7,0.785,9.5,34.6,44.1,25.7,6.9,5.2,14.3,19.0,114.4
New Orleans Pelicans,82,19855,42.1,87.6,0.48,11.0,30.1,0.364,31.1,57.5,0.541,19.3,24.4,0.793,10.6,33.2,43.7,25.9,8.3,4.1,14.6,20.5,114.4
Minnesota Timberwolves,82,19830,42.1,85.9,0.49,11.9,32.7,0.365,30.2,53.1,0.568,17.6,23.3,0.755,9.0,32.2,41.1,25.7,7.9,5.3,15.1,21.2,113.7
Chicago Bulls,82,19905,42.7,87.1,0.49,10.4,29.0,0.361,32.2,58.1,0.555,17.7,21.9,0.809,8.5,34.0,42.5,24.5,7.9,4.5,13.4,19.0,113.5
Miami Heat,82,19805,40.5,88.0,0.46,12.3,35.9,0.344,28.1,52.1,0.54,19.7,23.7,0.831,10.0,31.9,41.9,24.6,8.2,3.1,13.9,19.1,113.0
Orlando Magic,82,19780,40.6,86.4,0.47,10.8,31.2,0.346,29.8,55.3,0.539,19.6,25.0,0.784,10.2,33.1,43.3,23.3,7.4,4.7,15.1,20.2,111.6
Houston Rockets,82,19755,40.8,89.4,0.457,10.5,32.1,0.327,30.3,57.3,0.53,19.2,25.5,0.754,13.5,33.1,46.6,22.5,7.4,4.6,16.3,20.6,111.4
Detroit Pistons,82,19805,39.7,87.4,0.454,11.4,32.5,0.351,28.3,54.8,0.516,19.9,25.8,0.771,11.2,31.4,42.6,23.1,7.0,3.8,15.1,22.2,110.7
San Antonio Spurs,82,19855,42.0,90.3,0.465,10.8,31.4,0.345,31.2,58.9,0.529,15.4,20.7,0.743,11.5,31.1,42.6,26.5,6.8,3.8,14.9,19.4,110.2
Charlotte Hornets,82,19830,40.6,89.0,0.457,10.6,32.0,0.33,30.1,56.9,0.528,17.4,23.2,0.749,10.8,33.0,43.8,24.7,7.6,5.1,14.0,19.9,109.2
