Team,Age,W,L,PW,PL,MOV,SOS,SRS,ORtg,DRtg,NRtg,Pace,FTr,3PAr,TS%,Off_eFG%,Off_TOV%,ORB%,Off_FT/FGA,Def_eFG%,Def_TOV%,DRB%,Def_FT/FGA,G,MP,FG,FGA,FG%,3P,3PA,3P%,2P,2PA,2P%,FT,FTA,FT%,ORB,DRB,TRB,AST,STL,BLK,TOV,PF,PTS,Year
Boston Celtics,27.4,57.0,25.0,57,25,6.52,-0.15,6.38,118.0,111.5,6.5,98.5,0.243,0.48,0.6,0.566,12.0,22.1,0.197,0.528,11.3,78.5,0.18,82,19980,42.2,88.8,0.475,16.0,42.6,0.377,26.2,46.2,0.567,17.5,21.6,0.812,9.7,35.6,45.3,26.7,6.4,5.2,13.4,18.8,118.0,2023
Cleveland Cavaliers,25.4,51.0,31.0,55,27,5.38,-0.15,5.23,116.1,110.6,5.5,95.7,0.264,0.371,0.59,0.556,12.3,23.6,0.206,0.535,14.4,76.3,0.21,82,19880,43.0,88.1,0.488,12.0,32.7,0.367,31.0,55.4,0.559,18.2,23.3,0.78,10.0,32.5,42.5,25.8,7.4,4.8,13.8,19.7,116.1,2023
Philadelphia 76ers,28.2,54.0,28.0,52,30,4.32,0.06,4.37,117.7,113.3,4.4,96.9,0.3,0.389,0.608,0.563,12.6,21.6,0.25,0.541,13.0,77.2,0.217,82,19880,41.7,85.6,0.487,12.9,33.3,0.387,28.8,52.3,0.551,21.4,25.6,0.835,8.9,32.9,41.8,25.7,7.9,4.8,14.0,20.9,117.7,2023
Memphis Grizzlies,24.4,51.0,31.0,51,31,3.94,-0.34,3.6,115.1,111.2,3.9,101.1,0.259,0.372,0.57,0.54,11.7,26.5,0.19,0.526,13.1,75.9,0.206,82,19780,43.0,90.6,0.475,11.8,33.7,0.351,31.2,56.9,0.548,17.2,23.5,0.733,11.9,34.0,45.9,25.6,8.2,5.7,13.4,19.7,115.1,2023
Milwaukee Bucks,29.8,58.0,24.0,50,32,3.63,-0.02,3.61,115.4,111.9,3.5,100.5,0.248,0.446,0.583,0.555,12.7,25.0,0.184,0.52,10.4,77.8,0.175,82,19830,42.2,89.2,0.473,14.7,39.8,0.368,27.5,49.4,0.557,16.4,22.1,0.743,11.0,37.0,48.0,25.5,6.3,4.9,14.4,17.8,115.4,2023
Denver Nuggets,26.6,53.0,29.0,49,33,3.33,-0.29,3.04,117.6,114.2,3.4,98.1,0.259,0.361,0.601,0.573,13.1,24.8,0.194,0.543,12.2,76.4,0.201,82,19755,44.2,87.8,0.504,12.0,31.7,0.379,32.3,56.1,0.575,17.1,22.7,0.751,10.3,33.4,43.7,29.3,7.7,4.6,14.8,18.9,117.6,2023
New York Knicks,24.5,47.0,35.0,48,34,2.93,0.06,2.99,117.8,114.8,3.0,97.1,0.285,0.4,0.577,0.541,11.4,28.3,0.217,0.536,11.4,77.1,0.21,82,19955,42.6,90.7,0.47,12.8,36.3,0.354,29.8,54.5,0.547,19.7,25.8,0.761,12.8,34.6,47.3,23.3,6.5,4.2,13.2,20.6,117.8,2023
Sacramento Kings,25.4,48.0,34.0,47,35,2.65,-0.35,2.3,119.4,116.8,2.6,100.3,0.284,0.423,0.608,0.572,12.0,22.7,0.225,0.563,12.6,77.2,0.203,82,19830,43.1,87.3,0.494,13.6,36.9,0.369,29.5,50.3,0.586,19.6,24.8,0.79,9.4,32.6,42.0,27.0,6.9,3.3,13.3,19.5,119.4,2023
Phoenix Suns,28.1,45.0,37.0,46,36,2.07,0.01,2.08,115.1,113.0,2.1,98.2,0.241,0.362,0.57,0.535,12.0,26.6,0.191,0.532,12.9,76.0,0.234,82,19780,42.7,91.3,0.467,12.4,33.0,0.374,30.3,58.2,0.52,17.4,22.0,0.793,12.0,32.8,44.8,27.6,7.2,5.3,13.7,21.5,115.1,2023
New Orleans Pelicans,25.9,42.0,40.0,46,36,1.89,-0.26,1.63,114.4,112.5,1.9,99.1,0.279,0.344,0.582,0.543,12.9,24.7,0.221,0.543,13.4,77.4,0.212,82,19855,42.1,87.6,0.48,11.0,30.1,0.364,31.1,57.5,0.541,19.3,24.4,0.793,10.6,33.2,43.7,25.9,8.3,4.1,14.6,20.5,114.4,2023
Golden State Warriors,27.3,44.0,38.0,45,37,1.8,-0.15,1.66,116.1,114.4,1.7,101.6,0.224,0.479,0.6,0.571,14.1,24.4,0.178,0.54,12.3,76.0,0.214,82,19830,42.1,88.0,0.479,16.2,42.2,0.385,25.9,45.9,0.564,15.6,19.7,0.794,10.3,33.3,43.6,29.1,7.0,3.8,15.9,20.9,116.1,2023
Toronto Raptors,25.8,41.0,41.0,45,37,1.48,0.12,1.59,115.5,114.0,1.5,97.1,0.257,0.351,0.555,0.517,10.3,27.8,0.201,0.565,15.3,76.7,0.223,82,19805,42.9,93.5,0.459,11.0,32.8,0.335,31.9,60.7,0.525,18.8,24.0,0.784,13.0,31.0,44.0,24.5,9.6,5.3,11.9,20.5,115.5,2023
Chicago Bulls,27.5,40.0,42.0,44,38,1.29,0.07,1.37,113.5,112.2,1.3,98.5,0.251,0.333,0.587,0.55,12.2,20.1,0.203,0.544,13.5,77.8,0.197,82,19905,42.7,87.1,0.49,10.4,29.0,0.361,32.2,58.1,0.555,17.7,21.9,0.809,8.5,34.0,42.5,24.5,7.9,4.5,13.4,19.0,113.5,2023
Oklahoma City Thunder,22.8,40.0,42.0,44,38,1.09,-0.12,0.96,115.2,114.2,1.0,101.1,0.256,0.369,0.57,0.531,11.2,24.7,0.207,0.547,14.4,72.9,0.222,82,19855,42.3,90.8,0.465,11.9,33.5,0.356,30.4,57.3,0.53,18.8,23.3,0.809,11.2,31.6,42.8,23.9,8.1,4.1,12.8,20.6,115.2,2023
Brooklyn Nets,28.0,45.0,37.0,43,39,0.85,0.18,1.03,115.0,114.1,0.9,98.3,0.26,0.397,0.598,0.562,12.7,19.6,0.208,0.53,12.2,73.7,0.212,82,19730,42.0,86.3,0.487,13.0,34.3,0.378,29.1,52.0,0.559,17.9,22.4,0.8,8.3,32.8,41.1,25.9,7.2,6.3,13.9,21.4,115.0,2023
Los Angeles Lakers,27.9,43.0,39.0,42,40,0.57,-0.15,0.43,114.5,113.9,0.6,101.3,0.299,0.351,0.582,0.542,12.3,22.8,0.232,0.535,10.9,76.3,0.171,82,19880,41.9,87.0,0.482,10.5,30.5,0.346,31.4,56.5,0.555,20.2,26.0,0.775,9.7,34.9,44.7,24.7,6.3,4.5,13.8,17.5,114.5,2023
Los Angeles Clippers,29.7,44.0,38.0,42,40,0.5,-0.19,0.31,115.0,114.5,0.5,98.0,0.278,0.387,0.588,0.551,12.8,22.9,0.217,0.543,11.7,76.6,0.195,82,19830,41.6,87.2,0.477,12.9,33.8,0.381,28.8,53.4,0.539,18.9,24.2,0.781,9.9,33.9,43.8,24.2,7.2,4.5,14.4,19.7,115.0,2023
Atlanta Hawks,24.9,41.0,41.0,42,40,0.29,0.02,0.32,116.6,116.3,0.3,100.7,0.244,0.331,0.579,0.541,11.2,25.1,0.2,0.552,12.4,75.8,0.206,82,19855,43.9,90.9,0.483,10.6,30.1,0.352,33.3,60.9,0.548,18.2,22.2,0.818,11.0,32.6,43.7,24.6,7.0,4.8,12.7,18.5,116.6,2023
Dallas Mavericks,27.8,38.0,44.0,41,41,0.07,-0.22,-0.14,116.8,116.7,0.1,96.6,0.298,0.487,0.599,0.565,11.4,18.0,0.225,0.549,11.9,75.5,0.226,82,19930,40.9,86.2,0.475,15.5,41.9,0.371,25.4,44.2,0.574,19.4,25.7,0.755,7.8,31.9,39.7,23.4,6.4,3.8,12.5,21.2,116.8,2023
Minnesota Timberwolves,25.8,42.0,40.0,41,41,-0.04,-0.18,-0.22,113.7,113.8,-0.1,101.0,0.271,0.381,0.592,0.56,13.6,21.5,0.205,0.54,13.3,74.3,0.225,82,19830,42.1,85.9,0.49,11.9,32.7,0.365,30.2,53.1,0.568,17.6,23.3,0.755,9.0,32.2,41.1,25.7,7.9,5.3,15.1,21.2,113.7,2023
Miami Heat,27.7,44.0,38.0,40,42,-0.32,0.18,-0.13,113.0,113.3,-0.3,96.3,0.27,0.408,0.574,0.53,12.4,22.8,0.224,0.561,14.5,77.7,0.198,82,19805,40.5,88.0,0.46,12.3,35.9,0.344,28.1,52.1,0.54,19.7,23.7,0.831,10.0,31.9,41.9,24.6,8.2,3.1,13.9,19.1,113.0,2023
Utah Jazz,26.5,37.0,45.0,39,43,-0.94,-0.09,-1.03,115.8,116.7,-0.9,100.5,0.265,0.421,0.584,0.547,13.3,26.8,0.209,0.541,10.9,75.2,0.205,82,19805,42.0,88.8,0.473,13.2,37.4,0.353,28.8,51.4,0.56,18.5,23.6,0.786,11.7,33.7,45.4,25.7,6.0,5.2,15.2,20.2,115.8,2023
Washington Wizards,26.2,35.0,47.0,38,44,-1.21,0.15,-1.06,114.4,115.6,-1.2,98.6,0.258,0.365,0.585,0.55,12.7,22.6,0.202,0.54,11.0,76.1,0.194,82,19755,42.6,87.9,0.485,11.4,32.1,0.356,31.2,55.8,0.559,17.8,22.7,0.785,9.5,34.6,44.1,25.7,6.9,5.2,14.3,19.0,114.4,2023
Orlando Magic,23.1,34.0,48.0,35,47,-2.56,0.17,-2.39,111.6,114.2,-2.6,99.3,0.29,0.361,0.573,0.532,13.4,23.8,0.227,0.55,13.1,77.7,0.211,82,19780,40.6,86.4,0.47,10.8,31.2,0.346,29.8,55.3,0.539,19.6,25.0,0.784,10.2,33.1,43.3,23.3,7.4,4.7,15.1,20.2,111.6,2023
Indiana Pacers,24.5,35.0,47.0,33,49,-3.18,0.28,-2.91,114.6,117.7,-3.1,101.1,0.265,0.413,0.581,0.545,13.0,23.4,0.209,0.554,13.0,72.2,0.229,82,19755,41.4,88.3,0.469,13.4,36.4,0.367,28.0,51.8,0.54,18.4,23.4,0.79,10.0,30.9,40.9,26.6,7.6,5.7,14.7,20.9,114.6,2023
Portland Trail Blazers,25.1,33.0,49.0,31,51,-4.01,0.05,-3.96,114.8,118.8,-4.0,98.6,0.289,0.413,0.589,0.549,13.1,22.4,0.23,0.563,12.1,74.9,0.217,82,19730,40.9,86.4,0.474,13.0,35.7,0.365,27.9,50.7,0.55,19.9,24.9,0.796,9.6,31.5,41.0,24.5,6.8,4.6,14.6,20.3,114.8,2023
Charlotte Hornets,25.3,27.0,55.0,26,56,-6.24,0.35,-5.89,109.2,115.3,-6.1,100.8,0.261,0.36,0.55,0.516,12.3,23.8,0.195,0.544,12.5,75.5,0.211,82,19830,40.6,89.0,0.457,10.6,32.0,0.33,30.1,56.9,0.528,17.4,23.2,0.749,10.8,33.0,43.8,24.7,7.6,5.1,14.0,19.9,109.2,2023
Houston Rockets,22.1,22.0,60.0,23,59,-7.85,0.24,-7.62,111.4,119.3,-7.9,99.0,0.285,0.359,0.554,0.516,14.0,30.2,0.215,0.564,11.8,75.8,0.218,82,19755,40.8,89.4,0.457,10.5,32.1,0.327,30.3,57.3,0.53,19.2,25.5,0.754,13.5,33.1,46.6,22.5,7.4,4.6,16.3,20.6,111.4,2023
Detroit Pistons,24.1,17.0,65.0,22,60,-8.22,0.49,-7.73,110.7,118.9,-8.2,99.0,0.295,0.372,0.561,0.52,13.3,24.9,0.227,0.557,11.9,74.0,0.231,82,19805,39.7,87.4,0.454,11.4,32.5,0.351,28.3,54.8,0.516,19.9,25.8,0.771,11.2,31.4,42.6,23.1,7.0,3.8,15.1,22.2,110.7,2023
San Antonio Spurs,23.9,22.0,60.0,19,63,-10.04,0.22,-9.82,110.2,120.0,-9.8,101.6,0.229,0.348,0.554,0.525,13.0,25.6,0.17,0.576,12.0,74.9,0.201,82,19855,42.0,90.3,0.465,10.8,31.4,0.345,31.2,58.9,0.529,15.4,20.7,0.743,11.5,31.1,42.6,26.5,6.8,3.8,14.9,19.4,110.2,2023
